"name","phone","company"
"","07293 301 974","Yarrow Innovations"
"Emily Wright","+44 (0)729 299 8401","Redwood Consulting"
"Ella Smith","07504 512 795","Westfield Services"
"Olivia Walker","07372 534 476","Yarrow Innovations"
"Charlie Green","07835 142 434","Redwood Consulting"
"Grace White","07941 788 836","Unity Systems"
"Freddie Roberts","07252 937 440","Dunmore Trading"
"Charlie Jones","07554 426 338","Yarrow Innovations"
"Olivia Walker","07324 715 880","Caldwell Enterprises"
"James White","07104 870 792","Zenith Strategies"
"Jack Davies","07726 302 216","Redwood Consulting"
"Jacob Wood","07727 824 651","Yarrow Innovations"
"Emily Taylor","07939 382 400","Vantage Partners"
"Charlie Lewis","07318 203 525","Unity Systems"
"Alfie Taylor","07590545382","Fairfax Logistics"
"Freddie Brown","07193 142 874","Zenith Strategies"
"Jacob Roberts","07304 399 997","Pemberton & Co"
"Mia Green","07242 152 648","Tandem Digital"
"Mia Jones","07297 477 573","Pemberton & Co"
"Mia Green","07242 152 648","Tandem Digital"
"Mia White","07557 266 565","Silverbridge Group"
"Noah Wright","07558 205 256","Caldwell Enterprises"
"Jack Taylor","07612 774 848","Redwood Consulting"
"George Davies","07614 160 578","Pemberton & Co"
"Noah Thomas","07544 674 106","Zenith Strategies"
"Freddie Hall","(07442) 525-316","Tandem Digital"
"Lily Jones","07706 412 564","Northgate Technologies"
"Noah Brown","07111 159 839","Fairfax Logistics"
"Olivia Brown","07232 702 213","Dunmore Trading"
"Mia Davies","07746 458 667","Zenith Strategies"
"Isabella Lewis","07519 653 673","Yarrow Innovations"
"Ella Lewis","007857876361","Westfield Services"
"Lily Wright","07767 802 972","Fairfax Logistics"
"George Davies","07614 160 578","Pemberton & Co"
"Olivia Williams","07244 868 565","Silverbridge Group"
"Grace Davies","07411 597 276","Apex Solutions Ltd"
"Harry Davies","07816 639 144","Silverbridge Group"
"Sophie Jones","07500 296 547","Zenith Strategies"
"Ava Walker","+447629873206","Unity Systems"
"Emily Jones","","Elmwood Advisory"
"Mia Jones","07297 477 573","Pemberton & Co"
"Isla White","07741 424 651","Yarrow Innovations"
"Freddie Thompson","+447785437437","Silverbridge Group"
"Isla Lewis","07673 437 101",""
"Alfie White","(07940) 771-828","Elmwood Advisory"
"Isla Thompson","07634 761 446","Caldwell Enterprises"
"Noah Wood","07536 122 625","Northgate Technologies"
"Alfie Hall","07449 467 622","Unity Systems"
"Freddie Wright","+447908527226","Dunmore Trading"
"Emily Walker","07561 107 136",""
